{
  "best_params": {
    "colsample_bytree": 0.6390688456025535,
    "learning_rate": 0.1024932221692416,
    "max_depth": 9,
    "min_child_weight": 7,
    "n_estimators": 527,
    "reg_alpha": 0.030586566669785254,
    "reg_lambda": 0.1171593739230706,
    "subsample": 0.9637281608315128
  },
  "best_cv_mae": 2555.14736328125,
  "best_cv_mae_std": 16.156956887487922,
  "baseline_cv_mae": 3246.08291015625,
  "improvement_over_baseline": 690.935546875,
  "n_iter": 30,
  "search_time_seconds": 208.92116528190672
}